,activity_type,altitude,cadence,distance,enhanced_altitude,enhanced_speed,fractional_cadence,heart_rate,position_lat,position_long,speed,stance_time,stance_time_balance,stance_time_percent,step_length,temperature,timestamp,vertical_oscillation,vertical_ratio
0,running,374.0,55,15.91,374.0,1.278,0.0,117,492795744,-1146116871,1.278,546.0,50.0,50.0,713.0,29,2019-01-23 23:50:20,75.0,8.96
0,running,376.0,57,66.81,376.0,1.381,0.0,115,492800568,-1146120693,1.381,520.0,50.21,50.0,623.0,29,2019-01-23 23:50:58,71.2,11.71
0,running,376.6,58,71.47,376.6,1.269,0.0,116,492800927,-1146121235,1.269,511.0,50.31,50.0,679.0,29,2019-01-23 23:51:02,66.2,10.25
0,running,376.6,57,97.59,376.6,1.213,0.5,114,492803513,-1146122514,1.213,517.0,50.31,49.5,708.0,29,2019-01-23 23:51:19,71.2,10.81
0,running,377.20000000000005,58,111.16,377.20000000000005,1.353,0.0,109,492804976,-1146122276,1.353,510.0,50.31,49.25,977.0,29,2019-01-23 23:51:23,79.0,9.56
0,running,377.4,58,116.95,377.4,1.474,0.5,115,492805582,-1146122084,1.474,504.0,50.21,49.0,947.0,29,2019-01-23 23:51:25,72.2,8.68
0,running,377.4,58,119.54,377.4,2.043,0.5,115,492805847,-1146121969,2.043,505.0,50.21,50.0,983.0,29,2019-01-23 23:51:26,73.0,8.37
0,running,377.20000000000005,57,122.46,377.20000000000005,1.129,0.5,113,492806165,-1146121884,1.129,513.0,50.21,49.0,754.0,29,2019-01-23 23:51:30,73.0,8.09
0,running,381.6,53,145.04,381.6,0.784,0.5,120,492804966,-1146120565,0.784,557.0,50.53,50.0,493.0,29,2019-01-23 23:51:59,79.0,14.93
0,running,380.0,58,183.28,380.0,1.512,0.5,108,492809067,-1146120259,1.512,530.0,51.0,49.25,790.0,28,2019-01-23 23:52:31,36.0,5.93
0,running,379.79999999999995,59,184.49,379.79999999999995,1.502,0.5,105,492809197,-1146120255,1.502,475.0,50.87,46.75,774.0,28,2019-01-23 23:52:32,24.2,5.06
0,running,379.20000000000005,60,190.37,379.20000000000005,1.456,0.0,104,492809829,-1146120269,1.456,466.0,50.53,47.0,721.0,28,2019-01-23 23:52:36,31.2,4.68
0,running,378.79999999999995,60,192.85,378.79999999999995,1.428,0.5,108,492810093,-1146120312,1.428,463.0,50.25,47.25,708.0,28,2019-01-23 23:52:38,31.2,4.46
0,running,378.0,70,198.97,378.0,1.362,0.5,102,492810752,-1146120348,1.362,445.0,48.87,50.0,539.0,28,2019-01-23 23:52:43,30.2,4.78
0,running,377.79999999999995,66,200.08,377.79999999999995,1.316,0.5,98,492810871,-1146120355,1.316,431.0,48.87,46.25,555.0,28,2019-01-23 23:52:44,29.2,4.78
0,running,377.4,59,202.31,377.4,1.157,0.5,93,492811109,-1146120390,1.157,445.0,49.37,46.5,572.0,28,2019-01-23 23:52:46,28.2,4.68
0,running,377.20000000000005,58,203.25,377.20000000000005,1.138,0.5,93,492811210,-1146120405,1.138,464.0,49.37,46.75,570.0,28,2019-01-23 23:52:47,29.2,4.87
0,running,377.20000000000005,58,204.23,377.20000000000005,1.054,0.5,93,492811314,-1146120420,1.054,468.0,49.46,46.5,568.0,28,2019-01-23 23:52:48,31.2,5.25
0,running,376.20000000000005,64,214.04,376.20000000000005,1.166,0.5,94,492812113,-1146120979,1.166,500.0,49.31,50.0,628.0,28,2019-01-23 23:52:56,53.5,6.81
0,running,375.0,74,221.88,375.0,1.082,0.5,95,492812174,-1146122095,1.082,408.0,49.59,44.5,499.0,28,2019-01-23 23:53:03,39.0,7.31
0,running,374.79999999999995,77,223.83,374.79999999999995,1.082,0.0,92,492812200,-1146122376,1.082,385.0,49.06,50.0,400.0,28,2019-01-23 23:53:05,38.0,8.18
0,running,374.20000000000005,73,225.88,374.20000000000005,1.054,0.0,92,492812292,-1146122651,1.054,405.0,49.31,48.25,441.0,28,2019-01-23 23:53:07,52.5,9.93
0,running,374.0,71,226.5,374.0,1.045,0.0,95,492812358,-1146122729,1.045,420.0,49.43,47.75,500.0,28,2019-01-23 23:53:08,60.5,11.03
0,running,373.79999999999995,81,228.53,373.79999999999995,1.054,0.0,98,492812573,-1146122776,1.054,363.0,49.34,43.0,321.0,28,2019-01-23 23:53:09,71.2,21.75
0,running,373.79999999999995,96,231.32,373.79999999999995,1.213,0.5,98,492812873,-1146122792,1.213,246.0,49.43,41.0,391.0,28,2019-01-23 23:53:10,68.2,20.18
0,running,375.20000000000005,93,253.19,375.20000000000005,2.976,0.5,101,492815220,-1146122730,2.976,256.0,49.75,40.25,971.0,28,2019-01-23 23:53:17,67.2,6.71
0,running,375.20000000000005,93,262.28,375.20000000000005,2.939,0.0,104,492816177,-1146122923,2.939,256.0,49.75,39.75,965.0,28,2019-01-23 23:53:20,68.2,6.9
0,running,375.20000000000005,93,265.35,375.20000000000005,2.948,0.5,107,492816495,-1146123041,2.948,256.0,49.87,40.0,946.0,28,2019-01-23 23:53:21,64.2,6.62
0,running,375.4,93,277.59,375.4,3.004,0.5,111,492817807,-1146123114,3.004,264.0,50.18,41.5,961.0,28,2019-01-23 23:53:25,64.2,6.62
0,running,376.20000000000005,92,294.25,376.20000000000005,2.818,0.5,113,492819594,-1146122974,2.818,269.0,50.28,41.75,910.0,28,2019-01-23 23:53:31,60.5,6.43
0,running,376.79999999999995,91,300.06,376.79999999999995,2.837,0.5,116,492820213,-1146122861,2.837,270.0,50.46,41.5,910.0,28,2019-01-23 23:53:33,60.5,6.43
0,running,376.79999999999995,90,322.12,376.79999999999995,2.809,0.5,119,492822581,-1146122714,2.809,276.0,50.59,41.75,922.0,27,2019-01-23 23:53:41,64.2,6.71
0,running,376.79999999999995,90,330.35,376.79999999999995,2.809,0.0,122,492823464,-1146122651,2.809,277.0,50.68,41.75,938.0,27,2019-01-23 23:53:44,64.2,6.62
0,running,377.4,90,346.29,377.4,2.781,0.0,123,492825170,-1146122388,2.781,280.0,50.68,42.0,924.0,27,2019-01-23 23:53:50,61.5,6.53
0,running,378.6,89,364.94,378.6,2.743,0.5,124,492827172,-1146122579,2.743,278.0,50.78,41.5,894.0,27,2019-01-23 23:53:57,69.2,7.31
0,running,379.6,89,380.42,379.6,2.725,0.0,127,492828835,-1146122466,2.725,270.0,50.68,40.0,903.0,27,2019-01-23 23:54:03,79.0,8.28
0,running,380.20000000000005,90,399.26,380.20000000000005,2.706,0.5,130,492830840,-1146122820,2.706,270.0,50.59,40.5,890.0,27,2019-01-23 23:54:10,72.2,8.09
0,running,380.79999999999995,90,407.09,380.79999999999995,2.678,0.0,129,492831679,-1146122941,2.678,271.0,50.59,40.75,872.0,27,2019-01-23 23:54:13,69.2,7.68
0,running,381.20000000000005,89,425.22,381.20000000000005,2.669,0.0,130,492833624,-1146123097,2.669,271.0,50.59,40.25,913.0,27,2019-01-23 23:54:20,74.0,7.81
0,running,381.4,86,441.79,381.4,2.603,0.5,130,492835388,-1146122893,2.603,278.0,50.59,40.25,857.0,27,2019-01-23 23:54:27,77.0,8.68
0,running,381.4,86,445.68,381.4,2.594,0.5,130,492835686,-1146122502,2.594,280.0,50.68,40.5,863.0,27,2019-01-23 23:54:29,76.0,8.59
0,running,381.79999999999995,86,449.61,381.79999999999995,2.557,0.0,129,492835750,-1146121950,2.557,280.0,50.68,40.0,819.0,27,2019-01-23 23:54:31,79.0,9.15
0,running,382.4,89,471.78,382.4,2.398,0.5,130,492835799,-1146118843,2.398,274.0,50.59,40.0,765.0,27,2019-01-23 23:54:41,77.0,9.84
0,running,382.6,89,490.19,382.6,2.314,0.0,133,492836617,-1146116478,2.314,284.0,50.37,42.75,785.0,27,2019-01-23 23:54:49,62.5,8.28
0,running,382.79999999999995,89,494.86,382.79999999999995,2.305,0.0,132,492836742,-1146115838,2.305,284.0,50.28,42.0,783.0,27,2019-01-23 23:54:51,69.2,8.78
0,running,383.6,86,515.72,383.6,2.277,0.5,132,492836566,-1146112888,2.277,279.0,50.68,40.5,794.0,26,2019-01-23 23:55:00,75.0,9.15
0,running,382.6,88,536.71,382.6,2.361,0.0,136,492836416,-1146109904,2.361,272.0,50.59,39.75,836.0,26,2019-01-23 23:55:08,74.0,8.68
0,running,382.6,87,558.99,382.6,2.407,0.5,135,492836483,-1146106737,2.407,272.0,50.59,39.75,860.0,26,2019-01-23 23:55:17,74.0,8.28
0,running,381.79999999999995,87,576.74,381.79999999999995,2.445,0.5,137,492836367,-1146104214,2.445,276.0,50.59,40.25,873.0,26,2019-01-23 23:55:24,72.2,8.09
0,running,381.6,89,586.14,381.6,2.426,0.0,140,492836369,-1146102876,2.426,272.0,50.59,40.25,798.0,26,2019-01-23 23:55:28,69.2,8.37
0,running,381.4,90,595.91,381.4,2.426,0.0,143,492836307,-1146101487,2.426,274.0,50.59,40.75,793.0,26,2019-01-23 23:55:32,67.2,8.37
0,running,380.79999999999995,89,603.18,380.79999999999995,2.435,0.5,143,492836281,-1146100453,2.435,271.0,50.59,40.5,818.0,26,2019-01-23 23:55:35,70.2,8.37
0,running,380.4,88,605.62,380.4,2.445,0.5,142,492836275,-1146100105,2.445,274.0,50.59,40.75,847.0,26,2019-01-23 23:55:36,70.2,8.37
0,running,379.4,89,620.21,379.4,2.454,0.0,143,492836112,-1146098038,2.454,270.0,50.59,40.0,838.0,26,2019-01-23 23:55:42,69.2,8.18
0,running,378.4,87,628.34,378.4,2.314,0.5,141,492836161,-1146096885,2.314,278.0,50.68,40.5,800.0,26,2019-01-23 23:55:46,70.2,8.46
0,running,377.20000000000005,87,646.07,377.20000000000005,2.277,0.5,143,492836299,-1146094363,2.277,276.0,50.37,40.0,796.0,26,2019-01-23 23:55:54,71.2,8.78
0,running,376.4,90,663.85,376.4,2.221,0.5,146,492836280,-1146091838,2.221,270.0,50.18,40.25,728.0,26,2019-01-23 23:56:02,64.2,8.59
0,running,376.0,89,675.66,376.0,2.267,0.0,144,492836075,-1146090171,2.267,270.0,50.09,40.0,799.0,26,2019-01-23 23:56:07,80.0,8.96
0,running,375.20000000000005,90,689.17,375.20000000000005,2.286,0.0,147,492835942,-1146088255,2.286,261.0,50.09,39.25,783.0,25,2019-01-23 23:56:13,72.2,8.87
0,running,374.79999999999995,91,691.37,374.79999999999995,2.277,0.0,145,492835942,-1146087941,2.277,261.0,50.09,39.5,776.0,25,2019-01-23 23:56:14,71.2,9.06
0,running,374.4,96,698.27,374.4,2.286,0.5,149,492835946,-1146086958,2.286,259.0,50.28,40.0,746.0,25,2019-01-23 23:56:17,58.5,8.46
0,running,373.4,90,702.98,373.4,2.314,0.5,148,492835949,-1146086287,2.314,256.0,50.28,39.5,774.0,25,2019-01-23 23:56:19,72.2,8.59
0,running,372.6,86,724.47,372.6,2.295,0.5,147,492836467,-1146083315,2.295,273.0,50.37,39.75,784.0,25,2019-01-23 23:56:28,80.0,9.93
0,running,372.20000000000005,87,729.82,372.20000000000005,2.314,0.5,149,492836635,-1146082584,2.314,273.0,50.46,40.0,804.0,25,2019-01-23 23:56:30,74.0,9.25
0,running,372.20000000000005,89,751.17,372.20000000000005,2.454,0.0,149,492837657,-1146079866,2.454,272.0,50.34,40.75,857.0,25,2019-01-23 23:56:38,72.2,8.46
0,running,371.4,88,773.89,371.4,2.407,0.5,151,492838817,-1146077022,2.407,278.0,50.65,40.75,796.0,25,2019-01-23 23:56:47,72.2,8.68
0,running,371.6,88,776.4,371.6,2.445,0.5,151,492838945,-1146076708,2.445,277.0,50.56,40.5,837.0,25,2019-01-23 23:56:48,72.2,8.46
0,running,372.20000000000005,87,783.61,372.20000000000005,2.407,0.5,148,492839292,-1146075789,2.407,278.0,50.46,40.5,836.0,25,2019-01-23 23:56:51,72.2,8.37
0,running,372.6,88,798.9,372.6,2.435,0.5,153,492839966,-1146073802,2.435,281.0,50.37,41.5,829.0,25,2019-01-23 23:56:57,68.2,8.09
0,running,373.20000000000005,91,814.52,373.20000000000005,2.463,0.0,153,492840627,-1146071757,2.463,272.0,50.56,41.0,815.0,25,2019-01-23 23:57:03,66.2,7.9
0,running,374.0,88,833.29,374.0,2.379,0.5,150,492841394,-1146069295,2.379,279.0,50.65,41.25,776.0,25,2019-01-23 23:57:11,70.2,8.68
0,running,374.4,90,840.33,374.4,2.389,0.5,152,492841624,-1146068349,2.389,274.0,50.56,41.0,784.0,25,2019-01-23 23:57:14,70.2,9.15
0,running,375.4,85,849.78,375.4,2.379,0.0,151,492841802,-1146067049,2.379,284.0,50.46,41.25,822.0,25,2019-01-23 23:57:18,75.0,9.37
0,running,375.6,89,865.87,375.6,2.314,0.0,154,492842594,-1146065012,2.314,281.0,50.56,41.5,766.0,24,2019-01-23 23:57:25,68.2,8.78
0,running,375.4,91,875.68,375.4,2.361,0.5,157,492843053,-1146063755,2.361,265.0,50.46,40.0,770.0,24,2019-01-23 23:57:29,67.2,8.68
0,running,376.6,92,891.1,376.6,2.501,0.0,156,492843769,-1146061775,2.501,255.0,50.65,39.25,833.0,24,2019-01-23 23:57:35,69.2,8.18
0,running,376.20000000000005,90,911.58,376.20000000000005,2.529,0.5,155,492844687,-1146059124,2.529,269.0,51.0,40.75,856.0,24,2019-01-23 23:57:43,65.2,7.68
0,running,376.4,89,933.03,376.4,2.491,0.0,155,492845425,-1146056256,2.491,264.0,51.09,39.25,829.0,24,2019-01-23 23:57:52,75.0,8.78
0,running,375.6,92,953.38,375.6,2.445,0.0,153,492845517,-1146053375,2.445,260.0,50.87,39.5,788.0,24,2019-01-23 23:58:01,68.2,8.87
0,running,375.20000000000005,88,962.18,375.20000000000005,2.389,0.5,149,492845464,-1146052125,2.389,260.0,50.87,38.75,799.0,24,2019-01-23 23:58:05,78.0,9.37
0,running,375.0,87,966.91,375.0,2.389,0.5,149,492845402,-1146051457,2.389,266.0,50.78,39.25,807.0,24,2019-01-23 23:58:07,79.0,9.46
0,running,374.4,86,973.69,374.4,2.379,0.5,146,492845296,-1146050500,2.379,268.0,50.78,38.75,845.0,24,2019-01-23 23:58:10,80.0,9.37
0,running,374.20000000000005,88,975.28,374.20000000000005,2.351,0.0,146,492845278,-1146050246,2.351,267.0,50.78,39.25,809.0,24,2019-01-23 23:58:11,70.2,9.15
0,running,374.0,86,979.1,374.0,2.295,0.0,146,492845625,-1146049979,2.295,277.0,50.78,40.0,807.0,24,2019-01-23 23:58:13,78.0,9.25
0,running,373.20000000000005,89,999.27,373.20000000000005,2.407,0.5,147,492847526,-1146048667,2.407,253.0,50.87,38.5,830.0,24,2019-01-23 23:58:21,80.0,8.96
0,running,372.79999999999995,89,1001.69,372.79999999999995,2.398,0.0,147,492847759,-1146048511,2.398,257.0,50.87,38.75,826.0,24,2019-01-23 23:58:22,78.0,9.06
0,running,372.0,89,1009.51,372.0,2.435,0.5,146,492848577,-1146048262,2.435,259.0,50.78,39.0,821.0,24,2019-01-23 23:58:25,75.0,8.96
0,running,371.6,82,1022.43,371.6,2.407,0.0,143,492849934,-1146047967,2.407,267.0,50.78,39.5,975.0,24,2019-01-23 23:58:30,75.0,8.37
0,running,371.79999999999995,87,1035.12,371.79999999999995,2.557,0.0,146,492851261,-1146047611,2.557,263.0,50.56,38.25,909.0,23,2019-01-23 23:58:35,83.0,9.15
0,running,371.0,88,1053.0,371.0,2.594,0.0,146,492852959,-1146046484,2.594,257.0,50.53,38.0,868.0,23,2019-01-23 23:58:42,82.0,9.06
0,running,370.0,90,1073.56,370.0,2.594,0.5,145,492855126,-1146045959,2.594,257.0,50.75,38.75,859.0,23,2019-01-23 23:58:50,74.0,8.68
0,running,370.0,90,1078.34,370.0,2.585,0.5,144,492855636,-1146045864,2.585,256.0,50.84,38.5,850.0,23,2019-01-23 23:58:52,77.0,8.78
0,running,370.20000000000005,89,1096.57,370.20000000000005,2.557,0.5,142,492857561,-1146045338,2.557,259.0,50.93,38.75,863.0,23,2019-01-23 23:58:59,77.0,8.87
0,running,370.4,87,1117.09,370.4,2.585,0.5,146,492859732,-1146045332,2.585,273.0,50.75,40.0,902.0,23,2019-01-23 23:59:07,77.0,8.28
0,running,371.20000000000005,86,1138.05,371.20000000000005,2.491,0.5,147,492861886,-1146044467,2.491,290.0,50.65,42.0,831.0,23,2019-01-23 23:59:16,71.2,8.37
0,running,372.20000000000005,85,1147.59,372.20000000000005,2.463,0.5,148,492862858,-1146044043,2.463,288.0,50.75,41.25,836.0,23,2019-01-23 23:59:20,74.0,8.59
0,running,373.4,89,1155.79,373.4,2.426,0.5,148,492863727,-1146043845,2.426,288.0,50.84,41.75,771.0,22,2019-01-23 23:59:24,64.2,8.46
0,running,374.20000000000005,87,1175.9,374.20000000000005,2.305,0.5,148,492865874,-1146043524,2.305,288.0,50.75,41.75,776.0,22,2019-01-23 23:59:33,69.2,8.78
0,running,374.4,87,1180.22,374.4,2.277,0.0,145,492866335,-1146043433,2.277,288.0,50.75,41.5,780.0,22,2019-01-23 23:59:35,71.2,9.06
0,running,375.4,89,1201.64,375.4,2.323,0.5,146,492868594,-1146042883,2.323,287.0,50.31,43.0,826.0,22,2019-01-23 23:59:44,67.2,8.18
0,running,375.6,89,1203.41,375.6,2.323,0.0,146,492868783,-1146042843,2.323,288.0,50.21,43.0,835.0,22,2019-01-23 23:59:45,66.2,8.09
0,running,375.79999999999995,88,1205.25,375.79999999999995,2.314,0.0,146,492868978,-1146042797,2.314,290.0,50.21,43.0,821.0,22,2019-01-23 23:59:46,66.2,8.0
0,running,376.79999999999995,87,1211.63,376.79999999999995,2.277,0.5,148,492869656,-1146042667,2.277,288.0,50.21,42.5,730.0,22,2019-01-23 23:59:49,66.2,8.87
0,running,377.79999999999995,88,1232.58,377.79999999999995,2.342,0.0,147,492871841,-1146041971,2.342,269.0,50.09,39.5,857.0,22,2019-01-23 23:59:57,85.7,9.56
0,running,378.20000000000005,85,1246.8,378.20000000000005,2.379,0.0,148,492873192,-1146041058,2.379,282.0,50.37,40.0,886.0,22,2019-01-24 00:00:03,77.0,8.78
0,running,378.0,72,1252.86,378.0,2.211,0.0,144,492873857,-1146041162,2.211,299.0,50.46,40.75,872.0,22,2019-01-24 00:00:07,74.0,8.46
0,running,378.0,82,1256.21,378.0,2.062,0.0,147,492874210,-1146041066,2.062,298.0,50.21,40.5,552.0,22,2019-01-24 00:00:09,83.7,13.37
0,running,378.0,74,1260.68,378.0,1.428,0.5,147,492874655,-1146040874,1.428,335.0,50.21,42.5,768.0,22,2019-01-24 00:00:12,87.7,12.5
0,running,378.20000000000005,83,1267.05,378.20000000000005,2.211,0.5,151,492875070,-1146040157,2.211,296.0,50.31,40.0,598.0,21,2019-01-24 00:00:15,84.7,13.93
0,running,378.6,87,1277.81,378.6,2.202,0.0,154,492875590,-1146038848,2.202,282.0,50.18,40.0,789.0,21,2019-01-24 00:00:20,74.0,10.15
0,running,378.6,90,1300.5,378.6,2.454,0.5,155,492874009,-1146036652,2.454,263.0,50.4,39.25,832.0,21,2019-01-24 00:00:29,75.0,8.96
0,running,378.6,89,1322.11,378.6,2.566,0.5,155,492872363,-1146034490,2.566,259.0,50.59,38.5,877.0,21,2019-01-24 00:00:37,78.0,8.78
0,running,378.20000000000005,85,1343.28,378.20000000000005,2.463,0.5,157,492871372,-1146031799,2.463,278.0,50.34,40.75,799.0,21,2019-01-24 00:00:46,88.7,9.15
0,running,377.20000000000005,89,1365.53,377.20000000000005,2.463,0.5,158,492870104,-1146029113,2.463,265.0,50.5,39.25,833.0,21,2019-01-24 00:00:55,76.0,9.06
0,running,376.79999999999995,91,1370.63,376.79999999999995,2.491,0.5,159,492869821,-1146028492,2.491,261.0,50.5,39.25,835.0,21,2019-01-24 00:00:57,70.2,8.46
0,running,377.79999999999995,92,1383.19,377.79999999999995,2.501,0.0,160,492869229,-1146026883,2.501,255.0,50.59,38.75,830.0,21,2019-01-24 00:01:02,71.2,8.37
0,running,378.0,90,1388.36,378.0,2.51,0.0,156,492868970,-1146026230,2.51,257.0,50.59,38.75,860.0,21,2019-01-24 00:01:04,83.0,8.68
0,running,378.0,90,1405.85,378.0,2.529,0.5,153,492868104,-1146024031,2.529,257.0,50.5,38.75,850.0,20,2019-01-24 00:01:11,74.0,8.59
0,running,378.0,91,1427.49,378.0,2.529,0.5,153,492867160,-1146021213,2.529,260.0,50.78,39.5,840.0,20,2019-01-24 00:01:20,70.2,8.09
0,running,377.20000000000005,93,1450.11,377.20000000000005,2.501,0.5,152,492866086,-1146018326,2.501,254.0,50.87,39.75,823.0,20,2019-01-24 00:01:29,65.2,8.0
0,running,377.4,93,1455.38,377.4,2.51,0.0,150,492865836,-1146017654,2.51,255.0,51.0,39.5,856.0,20,2019-01-24 00:01:31,67.2,7.81
0,running,377.6,89,1465.31,377.6,2.501,0.5,146,492865335,-1146016407,2.501,267.0,51.09,40.0,854.0,20,2019-01-24 00:01:35,72.2,8.09
0,running,377.4,89,1467.57,377.4,2.491,0.5,150,492865198,-1146016137,2.491,265.0,51.21,39.75,833.0,20,2019-01-24 00:01:36,72.2,8.18
0,running,377.20000000000005,91,1472.48,377.20000000000005,2.445,0.0,153,492864837,-1146015625,2.445,264.0,51.21,40.0,790.0,20,2019-01-24 00:01:38,69.2,8.37
0,running,376.79999999999995,90,1482.94,376.79999999999995,2.473,0.5,156,492864360,-1146014275,2.473,261.0,51.0,39.5,816.0,20,2019-01-24 00:01:42,70.2,8.28
0,running,376.4,88,1504.75,376.4,2.435,0.0,156,492863506,-1146011379,2.435,265.0,50.9,39.25,830.0,20,2019-01-24 00:01:51,74.0,8.78
0,running,376.79999999999995,89,1525.52,376.79999999999995,2.445,0.0,154,492863243,-1146008443,2.445,264.0,50.71,39.25,842.0,19,2019-01-24 00:01:59,71.2,8.28
0,running,376.4,88,1540.81,376.4,2.482,0.5,151,492862856,-1146006324,2.482,268.0,50.62,39.75,865.0,19,2019-01-24 00:02:05,70.2,8.18
0,running,375.6,87,1548.1,375.6,2.445,0.5,152,492862698,-1146005308,2.445,271.0,50.62,39.5,845.0,19,2019-01-24 00:02:08,73.0,8.46
0,running,374.79999999999995,87,1566.02,374.79999999999995,2.613,0.5,149,492862422,-1146002790,2.613,269.0,50.71,39.25,866.0,19,2019-01-24 00:02:15,76.0,8.59
0,running,374.6,98,1584.49,374.6,2.585,0.5,148,492861893,-1146000257,2.585,257.0,50.43,39.25,852.0,19,2019-01-24 00:02:22,71.2,8.0
0,running,373.20000000000005,90,1596.41,373.20000000000005,2.333,0.5,147,492861703,-1145998583,2.333,260.0,50.43,39.5,826.0,19,2019-01-24 00:02:27,70.2,8.28
0,running,372.20000000000005,90,1605.35,372.20000000000005,2.267,0.0,146,492861552,-1145997326,2.267,269.0,50.43,40.25,781.0,19,2019-01-24 00:02:31,67.2,8.37
0,running,371.79999999999995,89,1609.72,371.79999999999995,2.174,0.0,145,492861507,-1145996705,2.174,268.0,50.31,40.0,749.0,19,2019-01-24 00:02:33,67.2,8.78
0,running,371.6,89,1614.53,371.6,2.23,0.0,146,492861403,-1145996035,2.23,266.0,50.31,39.75,766.0,19,2019-01-24 00:02:35,68.2,8.78
0,running,371.0,91,1627.34,371.0,2.23,0.0,145,492861354,-1145994210,2.23,264.0,50.31,40.0,721.0,19,2019-01-24 00:02:41,65.2,8.87
0,running,370.0,93,1642.41,370.0,2.314,0.0,142,492861297,-1145992084,2.314,260.0,50.43,40.25,794.0,19,2019-01-24 00:02:47,61.5,7.59
0,running,369.0,92,1655.05,369.0,2.37,0.5,142,492861724,-1145990382,2.37,263.0,50.31,40.5,818.0,19,2019-01-24 00:02:52,64.2,7.5
0,running,367.79999999999995,93,1662.34,367.79999999999995,2.379,0.0,142,492862089,-1145989472,2.379,260.0,50.31,40.5,799.0,19,2019-01-24 00:02:55,62.5,7.59
0,running,366.6,89,1680.99,366.6,2.333,0.0,140,492862217,-1145986842,2.333,270.0,50.43,40.25,797.0,19,2019-01-24 00:03:03,67.2,8.09
0,running,365.4,88,1687.82,365.4,2.314,0.0,138,492862151,-1145985872,2.314,276.0,50.31,40.5,790.0,19,2019-01-24 00:03:06,68.2,8.37
0,running,364.4,87,1710.14,364.4,2.342,0.0,138,492861707,-1145982753,2.342,273.0,50.43,39.5,838.0,18,2019-01-24 00:03:15,81.0,8.87
0,running,364.4,86,1712.63,364.4,2.361,0.5,138,492861644,-1145982409,2.361,274.0,50.43,39.5,843.0,18,2019-01-24 00:03:16,80.0,8.87
0,running,363.20000000000005,88,1734.44,363.20000000000005,2.361,0.0,137,492860975,-1145979432,2.361,271.0,50.65,39.5,811.0,18,2019-01-24 00:03:25,72.2,8.59
0,running,363.0,88,1746.69,363.0,2.389,0.0,140,492860956,-1145977691,2.389,267.0,50.65,39.25,829.0,18,2019-01-24 00:03:30,72.2,8.46
0,running,362.0,88,1766.72,362.0,2.407,0.5,142,492860994,-1145974848,2.407,276.0,50.65,40.75,843.0,18,2019-01-24 00:03:38,67.2,7.9
0,running,360.79999999999995,88,1775.86,360.79999999999995,2.361,0.0,140,492861035,-1145973548,2.361,273.0,50.65,40.0,798.0,18,2019-01-24 00:03:42,68.2,8.37
0,running,360.20000000000005,88,1784.57,360.20000000000005,2.351,0.0,137,492861152,-1145972316,2.351,269.0,50.65,39.5,775.0,18,2019-01-24 00:03:46,70.2,8.78
0,running,359.79999999999995,88,1801.52,359.79999999999995,2.389,0.5,138,492861158,-1145969907,2.389,272.0,50.96,40.0,821.0,18,2019-01-24 00:03:53,72.2,8.78
0,running,359.79999999999995,88,1804.01,359.79999999999995,2.389,0.5,138,492861138,-1145969553,2.389,269.0,50.96,39.5,826.0,18,2019-01-24 00:03:54,73.0,8.68
0,running,358.6,89,1814.25,358.6,2.407,0.0,140,492860915,-1145968124,2.407,268.0,50.96,39.5,857.0,18,2019-01-24 00:03:58,74.0,8.46
0,running,357.4,88,1824.44,357.4,2.407,0.0,139,492860758,-1145966690,2.407,272.0,50.87,39.5,849.0,18,2019-01-24 00:04:02,71.2,8.28
0,running,356.6,91,1841.71,356.6,2.342,0.5,136,492860603,-1145964240,2.342,272.0,50.56,40.25,738.0,18,2019-01-24 00:04:10,68.2,8.68
0,running,356.4,105,1843.73,356.4,2.249,0.0,136,492860554,-1145963960,2.249,261.0,50.56,40.5,687.0,18,2019-01-24 00:04:11,52.5,8.68
0,running,355.4,91,1850.39,355.4,2.323,0.0,136,492860422,-1145963027,2.323,258.0,50.46,39.75,757.0,18,2019-01-24 00:04:14,71.2,9.37
0,running,354.20000000000005,93,1857.71,354.20000000000005,2.463,0.5,138,492860267,-1145962010,2.463,250.0,50.46,39.25,765.0,18,2019-01-24 00:04:17,70.2,9.15
0,running,353.20000000000005,91,1880.12,353.20000000000005,2.407,0.5,139,492859734,-1145958898,2.407,264.0,50.56,40.25,802.0,17,2019-01-24 00:04:26,65.2,8.09
0,running,353.0,91,1882.75,353.0,2.482,0.5,139,492859664,-1145958535,2.482,265.0,50.46,40.0,842.0,17,2019-01-24 00:04:27,66.2,8.0
0,running,352.20000000000005,89,1894.88,352.20000000000005,2.463,0.0,142,492859445,-1145956832,2.463,269.0,50.46,40.0,873.0,17,2019-01-24 00:04:32,69.2,7.81
0,running,351.79999999999995,89,1897.36,351.79999999999995,2.463,0.0,142,492859411,-1145956481,2.463,268.0,50.46,40.0,839.0,17,2019-01-24 00:04:33,69.2,8.09
0,running,350.79999999999995,89,1907.5,350.79999999999995,2.482,0.0,142,492859249,-1145955052,2.482,269.0,50.46,40.0,836.0,17,2019-01-24 00:04:37,70.2,8.09
0,running,349.6,88,1914.19,349.6,2.445,0.0,139,492859396,-1145954145,2.445,270.0,50.46,39.75,836.0,17,2019-01-24 00:04:40,71.2,8.68
0,running,349.4,92,1934.38,349.4,2.435,0.0,137,492861538,-1145953996,2.435,260.0,50.46,39.25,814.0,17,2019-01-24 00:04:48,70.2,8.59
0,running,348.4,91,1945.62,348.4,2.631,0.0,138,492862745,-1145954122,2.631,261.0,50.46,39.5,918.0,17,2019-01-24 00:04:52,67.2,7.81
0,running,347.4,91,1956.6,347.4,2.659,0.0,139,492863914,-1145954338,2.659,261.0,50.46,39.75,880.0,17,2019-01-24 00:04:56,68.2,7.59
0,running,346.79999999999995,88,1978.64,346.79999999999995,2.547,0.5,138,492866275,-1145954529,2.547,272.0,50.46,40.0,843.0,17,2019-01-24 00:05:05,71.2,8.09
0,running,346.4,88,1990.64,346.4,2.491,0.0,138,492867554,-1145954706,2.491,278.0,50.46,40.5,833.0,17,2019-01-24 00:05:10,69.2,8.18
0,running,346.20000000000005,88,1993.09,346.20000000000005,2.473,0.5,138,492867802,-1145954821,2.473,276.0,50.46,40.5,822.0,17,2019-01-24 00:05:11,67.2,8.0
0,running,345.4,87,2004.39,345.4,2.37,0.0,137,492869006,-1145955042,2.37,278.0,50.46,40.5,815.0,17,2019-01-24 00:05:16,71.2,8.59
0,running,344.20000000000005,86,2025.37,344.20000000000005,2.155,0.5,136,492871262,-1145955058,2.155,280.0,50.56,40.5,744.0,17,2019-01-24 00:05:26,71.2,9.37
0,running,344.0,88,2032.01,344.0,2.146,0.0,133,492871955,-1145954845,2.146,273.0,50.56,39.75,732.0,17,2019-01-24 00:05:29,71.2,9.46
0,running,343.20000000000005,87,2040.98,343.20000000000005,2.146,0.0,135,492872906,-1145954644,2.146,275.0,50.46,40.0,750.0,17,2019-01-24 00:05:33,71.2,9.37
0,running,342.20000000000005,89,2061.64,342.20000000000005,2.193,0.5,135,492875099,-1145954196,2.193,269.0,50.56,39.5,751.0,17,2019-01-24 00:05:42,64.2,9.06
0,running,341.0,89,2069.29,341.0,2.277,0.0,135,492875921,-1145954169,2.277,265.0,50.65,39.25,791.0,17,2019-01-24 00:05:45,72.2,8.96
0,running,340.4,85,2091.32,340.4,2.379,0.0,134,492878287,-1145954074,2.379,275.0,50.56,39.25,847.0,17,2019-01-24 00:05:54,78.0,8.96
0,running,340.0,86,2093.75,340.0,2.379,0.0,134,492878547,-1145954036,2.379,273.0,50.56,39.25,841.0,17,2019-01-24 00:05:55,77.0,8.96
0,running,339.6,86,2115.56,339.6,2.389,0.5,137,492880886,-1145953849,2.389,270.0,50.65,39.25,827.0,17,2019-01-24 00:06:04,80.0,9.15
0,running,339.6,83,2136.76,339.6,2.351,0.5,136,492883144,-1145954085,2.351,291.0,50.78,40.5,849.0,17,2019-01-24 00:06:13,79.0,9.06
0,running,339.4,72,2140.67,339.4,2.211,0.0,133,492883536,-1145954303,2.211,304.0,50.78,40.5,961.0,17,2019-01-24 00:06:16,49.7,7.4
0,running,339.4,74,2141.02,339.4,2.202,0.5,133,492883553,-1145954349,2.202,313.0,50.78,40.25,961.0,17,2019-01-24 00:06:17,50.7,6.34
0,running,339.0,52,2145.76,339.0,0.392,0.5,131,492883472,-1145954438,0.392,656.0,51.18,40.25,638.0,17,2019-01-24 00:06:25,113.2,30.34
0,running,338.79999999999995,33,2146.75,338.79999999999995,0.019,0.5,128,492883556,-1145954525,0.019,656.0,52.21,41.0,638.0,17,2019-01-24 00:06:29,163.0,27.03
0,running,338.79999999999995,88,2151.95,338.79999999999995,0.793,0.5,131,492883122,-1145954150,0.793,275.0,54.96,39.5,531.0,16,2019-01-24 00:06:41,68.2,22.06
0,running,338.79999999999995,89,2154.15,338.79999999999995,1.997,0.5,132,492882900,-1145954038,1.997,265.0,54.21,39.0,685.0,16,2019-01-24 00:06:42,75.0,10.43
0,running,338.79999999999995,87,2174.79,338.79999999999995,2.566,0.0,131,492880690,-1145954067,2.566,268.0,51.9,39.0,863.0,16,2019-01-24 00:06:50,80.0,9.25
0,running,339.0,88,2187.17,339.0,2.463,0.5,134,492879359,-1145954064,2.463,268.0,51.34,39.25,843.0,16,2019-01-24 00:06:55,74.0,8.59
0,running,339.4,90,2192.17,339.4,2.417,0.0,137,492878822,-1145954074,2.417,266.0,51.25,39.5,808.0,16,2019-01-24 00:06:57,72.2,8.78
0,running,340.0,89,2199.81,340.0,2.463,0.5,140,492878004,-1145954080,2.463,265.0,51.25,39.5,828.0,16,2019-01-24 00:07:00,73.0,8.68
0,running,340.4,90,2206.81,340.4,2.454,0.5,143,492877252,-1145954034,2.454,265.0,51.25,40.0,822.0,16,2019-01-24 00:07:03,68.2,8.28
0,running,341.20000000000005,88,2218.02,341.20000000000005,2.351,0.5,145,492876048,-1145953978,2.351,277.0,50.96,41.0,778.0,16,2019-01-24 00:07:08,69.2,8.68
0,running,341.6,89,2224.82,341.6,2.314,0.5,148,492875321,-1145953873,2.314,266.0,51.15,39.75,740.0,16,2019-01-24 00:07:11,74.0,9.25
0,running,342.20000000000005,91,2236.49,342.20000000000005,2.286,0.0,151,492874072,-1145954015,2.286,263.0,51.15,39.5,746.0,16,2019-01-24 00:07:16,71.2,9.25
0,running,343.0,90,2243.38,343.0,2.277,0.0,154,492873344,-1145954192,2.277,268.0,51.15,40.0,751.0,16,2019-01-24 00:07:19,79.0,9.37
0,running,343.0,87,2255.95,343.0,2.323,0.0,157,492872048,-1145954696,2.323,274.0,51.25,40.0,805.0,16,2019-01-24 00:07:24,78.0,9.46
0,running,343.4,85,2265.39,343.4,2.333,0.5,158,492871050,-1145954932,2.333,281.0,51.25,40.25,830.0,16,2019-01-24 00:07:28,77.0,9.15
0,running,344.20000000000005,85,2278.7,344.20000000000005,2.295,0.5,161,492869623,-1145955029,2.295,290.0,50.96,41.25,814.0,16,2019-01-24 00:07:34,71.2,8.59
0,running,344.4,85,2280.77,344.4,2.277,0.5,162,492869401,-1145955039,2.277,290.0,50.87,41.25,796.0,16,2019-01-24 00:07:35,71.2,8.78
0,running,345.20000000000005,86,2302.11,345.20000000000005,2.305,0.5,164,492867145,-1145954725,2.305,284.0,50.87,41.0,809.0,16,2019-01-24 00:07:44,75.0,9.25
0,running,345.4,86,2304.56,345.4,2.314,0.0,164,492866888,-1145954651,2.314,287.0,50.96,41.0,836.0,16,2019-01-24 00:07:45,74.0,8.96
0,running,346.79999999999995,85,2306.99,346.79999999999995,2.323,0.5,164,492866629,-1145954600,2.323,286.0,50.96,40.75,841.0,16,2019-01-24 00:07:46,74.0,8.87
0,running,345.6,85,2313.62,345.6,2.286,0.0,165,492865921,-1145954508,2.286,294.0,50.96,41.75,818.0,16,2019-01-24 00:07:49,71.2,8.78
0,running,344.6,85,2315.88,344.6,2.295,0.5,165,492865678,-1145954499,2.295,295.0,50.96,42.25,765.0,16,2019-01-24 00:07:50,69.2,8.68
0,running,345.6,85,2318.08,345.6,2.295,0.5,165,492865442,-1145954497,2.295,296.0,50.96,42.5,771.0,16,2019-01-24 00:07:51,68.2,8.68
0,running,346.6,87,2335.84,346.6,2.239,0.0,168,492863537,-1145954531,2.239,290.0,51.06,41.75,770.0,16,2019-01-24 00:07:59,69.2,9.06
0,running,346.79999999999995,85,2340.28,346.79999999999995,2.249,0.5,168,492863060,-1145954529,2.249,292.0,51.06,41.75,816.0,16,2019-01-24 00:08:01,75.0,8.87
0,running,346.79999999999995,85,2342.67,346.79999999999995,2.258,0.5,168,492862802,-1145954524,2.258,291.0,51.18,41.5,815.0,16,2019-01-24 00:08:02,74.0,8.68
0,running,347.79999999999995,85,2352.23,347.79999999999995,2.277,0.5,168,492861775,-1145954521,2.277,291.0,51.28,41.5,818.0,16,2019-01-24 00:08:06,73.0,8.68
0,running,348.4,85,2370.57,348.4,2.239,0.0,168,492859824,-1145954602,2.239,297.0,51.09,42.25,779.0,16,2019-01-24 00:08:15,72.2,9.15
0,running,348.4,87,2376.1,348.4,2.174,0.0,167,492859644,-1145955351,2.174,292.0,50.87,42.25,640.0,16,2019-01-24 00:08:18,67.2,9.56
0,running,349.0,88,2382.98,349.0,2.174,0.5,167,492859632,-1145956332,2.174,289.0,50.87,42.25,671.0,16,2019-01-24 00:08:21,63.2,9.25
0,running,350.0,88,2389.91,350.0,2.174,0.5,168,492859706,-1145957313,2.174,286.0,50.78,42.0,746.0,16,2019-01-24 00:08:24,68.2,9.06
0,running,351.20000000000005,88,2398.92,351.20000000000005,2.165,0.5,168,492859934,-1145958561,2.165,286.0,50.65,42.25,739.0,16,2019-01-24 00:08:28,58.5,8.28
0,running,352.20000000000005,90,2416.83,352.20000000000005,2.221,0.0,170,492860328,-1145961056,2.221,286.0,51.06,42.75,773.0,16,2019-01-24 00:08:36,61.5,7.9
0,running,353.4,86,2431.73,353.4,2.183,0.5,170,492860628,-1145963145,2.183,296.0,51.15,43.0,758.0,16,2019-01-24 00:08:43,63.2,8.18
0,running,354.4,89,2443.64,354.4,1.978,0.0,169,492860911,-1145964803,1.978,316.0,51.15,43.0,637.0,16,2019-01-24 00:08:49,61.5,7.68
0,running,355.6,85,2453.54,355.6,1.997,0.5,169,492861026,-1145966199,1.997,306.0,51.15,43.25,723.0,16,2019-01-24 00:08:54,63.2,8.46
0,running,356.6,82,2465.1,356.6,1.969,0.0,169,492861166,-1145967835,1.969,325.0,51.15,44.75,727.0,16,2019-01-24 00:09:00,59.5,8.09
0,running,357.6,81,2483.44,357.6,1.987,0.5,168,492861396,-1145970431,1.987,324.0,50.87,44.0,749.0,16,2019-01-24 00:09:09,63.2,8.28
0,running,358.6,85,2501.22,358.6,1.997,0.5,166,492861431,-1145972955,1.997,305.0,50.96,43.25,704.0,16,2019-01-24 00:09:18,61.5,8.46
0,running,359.79999999999995,84,2517.55,359.79999999999995,2.006,0.5,167,492861374,-1145975276,2.006,308.0,51.06,43.5,736.0,16,2019-01-24 00:09:26,63.2,8.37
0,running,360.20000000000005,83,2526.02,360.20000000000005,1.969,0.0,168,492861288,-1145976475,1.969,313.0,51.15,43.5,704.0,16,2019-01-24 00:09:31,64.2,8.68
0,running,361.0,82,2533.92,361.0,1.969,0.5,167,492861288,-1145977602,1.969,316.0,51.25,43.5,700.0,16,2019-01-24 00:09:35,65.2,9.15
0,running,363.20000000000005,81,2547.78,363.20000000000005,1.959,0.5,164,492861156,-1145979546,1.959,325.0,51.15,44.0,750.0,16,2019-01-24 00:09:42,62.5,8.28
0,running,362.6,82,2549.71,362.6,1.95,0.0,164,492861176,-1145979820,1.95,326.0,51.15,44.5,729.0,15,2019-01-24 00:09:43,61.5,8.18
0,running,363.6,81,2558.31,363.6,1.931,0.5,161,492861365,-1145980994,1.931,327.0,51.15,44.5,707.0,15,2019-01-24 00:09:48,59.5,8.18
0,running,364.20000000000005,80,2585.16,364.20000000000005,1.418,0.5,145,492861950,-1145984744,1.418,339.0,49.71,48.5,477.0,15,2019-01-24 00:10:07,63.2,9.56
0,running,365.0,82,2595.69,365.0,1.931,0.5,146,492862184,-1145986217,1.931,333.0,50.06,46.0,759.0,15,2019-01-24 00:10:12,54.5,8.37
0,running,365.4,76,2599.85,365.4,1.969,0.5,144,492862298,-1145986797,1.969,346.0,50.18,50.0,770.0,15,2019-01-24 00:10:14,53.5,7.9
0,running,366.4,80,2609.55,366.4,1.726,0.0,142,492862302,-1145988209,1.726,348.0,50.84,46.25,636.0,15,2019-01-24 00:10:20,53.5,7.81
0,running,367.0,79,2617.93,367.0,1.689,0.5,145,492862436,-1145989406,1.689,358.0,51.37,46.75,652.0,15,2019-01-24 00:10:25,48.7,7.31
0,running,374.20000000000005,67,2719.64,374.20000000000005,1.362,0.0,124,492862792,-1146003777,1.362,501.0,49.09,49.25,723.0,15,2019-01-24 00:11:39,45.7,7.12
0,running,374.6,82,2725.05,374.6,1.596,0.0,127,492862853,-1146004548,1.596,336.0,48.81,47.0,606.0,15,2019-01-24 00:11:42,51.7,7.9
0,running,375.0,81,2728.73,375.0,1.782,0.0,128,492862906,-1146005066,1.782,338.0,49.18,46.25,675.0,15,2019-01-24 00:11:44,52.5,7.9
0,running,375.79999999999995,80,2739.6,375.79999999999995,1.782,0.0,131,492863127,-1146006590,1.782,340.0,49.9,45.5,666.0,15,2019-01-24 00:11:50,58.5,8.46
0,running,376.0,80,2743.14,376.0,1.791,0.5,133,492863207,-1146007085,1.791,338.0,49.9,45.25,679.0,15,2019-01-24 00:11:52,61.5,8.59
0,running,376.20000000000005,81,2750.2,376.20000000000005,1.801,0.0,134,492863365,-1146008072,1.801,334.0,50.21,45.0,682.0,15,2019-01-24 00:11:56,61.5,8.87
0,running,376.79999999999995,81,2771.74,376.79999999999995,1.866,0.5,134,492864003,-1146011026,1.866,323.0,50.53,43.5,726.0,15,2019-01-24 00:12:07,68.2,9.15
0,running,377.0,82,2777.49,377.0,1.875,0.5,136,492864255,-1146011775,1.875,315.0,50.62,43.25,705.0,15,2019-01-24 00:12:10,67.2,9.37
0,running,377.0,82,2783.76,377.0,1.894,0.5,137,492864515,-1146012602,1.894,316.0,50.62,43.25,710.0,15,2019-01-24 00:12:13,68.2,9.25
0,running,377.20000000000005,84,2798.04,377.20000000000005,1.931,0.5,140,492865154,-1146014446,1.931,303.0,50.71,42.5,726.0,15,2019-01-24 00:12:20,65.2,8.78
0,running,377.79999999999995,89,2818.27,377.79999999999995,1.969,0.5,142,492866073,-1146017048,1.969,285.0,50.81,42.25,693.0,15,2019-01-24 00:12:30,57.5,8.28
0,running,377.79999999999995,89,2832.0,377.79999999999995,2.025,0.0,145,492866766,-1146018771,2.025,287.0,50.81,42.25,724.0,15,2019-01-24 00:12:36,59.5,8.09
0,running,377.0,84,2850.63,377.0,2.025,0.5,148,492867676,-1146021122,2.025,298.0,50.71,42.25,719.0,15,2019-01-24 00:12:45,68.2,8.96
0,running,377.4,84,2857.14,377.4,2.025,0.5,147,492867928,-1146021987,2.025,302.0,50.59,42.75,717.0,15,2019-01-24 00:12:48,61.5,8.46
0,running,377.79999999999995,84,2878.17,377.79999999999995,2.081,0.5,148,492869058,-1146024573,2.081,301.0,50.5,42.25,769.0,15,2019-01-24 00:12:57,67.2,8.59
0,running,377.79999999999995,85,2888.3,377.79999999999995,2.127,0.0,145,492869589,-1146025822,2.127,295.0,50.5,41.75,796.0,15,2019-01-24 00:13:01,69.2,8.46
0,running,378.0,85,2897.06,378.0,2.146,0.0,146,492870007,-1146026934,2.146,296.0,50.5,42.0,815.0,15,2019-01-24 00:13:05,66.2,8.09
0,running,377.79999999999995,83,2918.91,377.79999999999995,2.146,0.5,146,492870962,-1146029769,2.146,309.0,50.59,43.0,786.0,15,2019-01-24 00:13:15,65.2,8.0
0,running,377.6,86,2936.22,377.6,2.155,0.0,143,492871731,-1146032016,2.155,300.0,50.5,42.5,758.0,15,2019-01-24 00:13:23,62.5,8.28
0,running,378.0,81,2956.43,378.0,2.043,0.0,143,492872715,-1146034571,2.043,320.0,50.93,43.5,743.0,15,2019-01-24 00:13:33,71.2,8.59
0,running,378.0,81,2960.65,378.0,1.969,0.0,140,492873029,-1146035142,1.969,334.0,50.84,50.0,627.0,15,2019-01-24 00:13:37,40.0,7.5
0,running,377.79999999999995,81,2962.99,377.79999999999995,1.903,0.0,136,492873271,-1146035033,1.903,362.0,50.84,50.0,625.0,15,2019-01-24 00:13:41,34.0,6.25
0,running,377.79999999999995,56,2964.96,377.79999999999995,0.42,0.5,133,492873115,-1146035013,0.42,541.0,51.34,41.75,579.0,15,2019-01-24 00:13:45,34.0,6.62
0,running,377.79999999999995,57,2970.05,377.79999999999995,1.428,0.0,132,492873116,-1146035737,1.428,501.0,51.87,47.0,615.0,15,2019-01-24 00:13:49,68.2,9.56
0,running,377.79999999999995,57,2971.65,377.79999999999995,1.586,0.0,131,492873169,-1146035954,1.586,501.0,51.75,47.25,755.0,15,2019-01-24 00:13:50,57.5,8.0
0,running,377.6,80,2979.23,377.6,1.465,0.5,128,492872825,-1146036891,1.465,296.0,51.37,47.75,528.0,15,2019-01-24 00:13:55,50.7,9.46
0,running,377.79999999999995,82,2987.22,377.79999999999995,1.997,0.5,131,492872571,-1146037973,1.997,308.0,51.37,43.25,775.0,15,2019-01-24 00:13:59,68.2,9.37
0,running,378.0,83,2991.15,378.0,2.006,0.5,129,492872455,-1146038504,2.006,305.0,51.37,42.75,672.0,15,2019-01-24 00:14:01,64.2,9.06
0,running,378.20000000000005,85,2994.27,378.20000000000005,2.015,0.5,129,492872153,-1146038675,2.015,302.0,51.15,42.75,698.0,15,2019-01-24 00:14:03,61.5,8.87
0,running,377.20000000000005,86,3005.29,377.20000000000005,2.062,0.5,132,492871028,-1146038264,2.062,291.0,50.84,41.75,734.0,15,2019-01-24 00:14:08,63.2,9.06
0,running,377.20000000000005,86,3007.74,377.20000000000005,2.081,0.5,135,492870769,-1146038318,2.081,291.0,50.84,41.75,744.0,15,2019-01-24 00:14:09,64.2,8.87
0,running,377.0,86,3009.73,377.0,2.099,0.5,135,492870558,-1146038368,2.099,293.0,50.84,42.0,751.0,15,2019-01-24 00:14:10,63.2,8.68
0,running,376.4,84,3030.89,376.4,2.127,0.5,133,492868368,-1146039162,2.127,312.0,50.65,43.75,740.0,15,2019-01-24 00:14:20,59.5,7.9
0,running,375.79999999999995,84,3035.98,375.79999999999995,2.081,0.5,134,492867824,-1146039273,2.081,306.0,50.65,43.0,644.0,15,2019-01-24 00:14:23,62.5,8.68
0,running,374.6,85,3055.76,374.6,2.053,0.0,133,492865810,-1146040143,2.053,306.0,50.87,43.25,758.0,15,2019-01-24 00:14:33,58.5,8.18
0,running,373.4,79,3065.08,373.4,2.025,0.0,131,492864827,-1146040449,2.025,329.0,50.87,45.25,794.0,15,2019-01-24 00:14:38,56.5,7.31
0,running,373.0,79,3068.12,373.0,2.006,0.0,129,492864505,-1146040522,2.006,329.0,50.87,45.25,794.0,15,2019-01-24 00:14:40,56.5,7.21
0,running,372.20000000000005,79,3076.68,372.20000000000005,1.866,0.0,130,492863595,-1146040729,1.866,329.0,50.87,45.25,794.0,15,2019-01-24 00:14:45,56.5,7.21
0,running,371.4,78,3086.21,371.4,1.745,0.5,124,492862587,-1146040983,1.745,344.0,50.87,45.25,828.0,15,2019-01-24 00:14:51,30.2,4.96
0,running,371.20000000000005,76,3087.85,371.20000000000005,1.689,0.0,122,492862420,-1146041066,1.689,346.0,51.0,42.25,805.0,15,2019-01-24 00:14:52,31.2,4.68
0,running,370.0,74,3102.03,370.0,1.661,0.0,121,492860948,-1146041661,1.661,390.0,50.65,42.25,603.0,15,2019-01-24 00:15:00,34.0,5.25
0,running,368.79999999999995,55,3193.24,368.79999999999995,1.381,0.5,115,492851719,-1146044332,1.381,535.0,49.53,50.0,564.0,14,2019-01-24 00:16:04,41.0,6.71
0,running,369.0,55,3198.13,369.0,1.362,0.5,116,492851220,-1146044529,1.362,528.0,49.93,49.0,735.0,14,2019-01-24 00:16:08,76.0,8.37
0,running,371.20000000000005,0,3258.08,371.20000000000005,0.802,0.0,110,492845246,-1146045850,0.802,0.0,0.0,0.0,0.0,14,2019-01-24 00:16:52,0.0,0.0
0,running,371.20000000000005,0,3258.47,371.20000000000005,0.028,0.0,110,492845244,-1146045882,0.028,0.0,0.0,0.0,0.0,14,2019-01-24 00:16:55,0.0,0.0
0,running,371.0,51,3260.98,371.0,0.7,0.5,111,492845032,-1146045689,0.7,574.0,53.15,50.0,1262.0,14,2019-01-24 00:16:59,40.0,7.9
0,running,371.20000000000005,57,3272.8,371.20000000000005,1.428,0.5,117,492843835,-1146046150,1.428,534.0,51.37,50.0,815.0,14,2019-01-24 00:17:07,66.2,8.78
0,running,371.20000000000005,58,3274.12,371.20000000000005,1.418,0.5,118,492843709,-1146046252,1.418,495.0,50.87,49.0,520.0,14,2019-01-24 00:17:08,66.2,8.96
0,running,371.6,86,3280.02,371.6,1.866,0.5,122,492843083,-1146046383,1.866,319.0,50.53,46.75,513.0,14,2019-01-24 00:17:11,49.7,9.25
0,running,372.20000000000005,85,3283.66,372.20000000000005,2.015,0.5,124,492842692,-1146046379,2.015,323.0,50.65,46.5,819.0,14,2019-01-24 00:17:13,48.7,7.5
0,running,372.79999999999995,85,3289.44,372.79999999999995,1.959,0.0,128,492842073,-1146046446,1.959,316.0,50.75,45.0,729.0,14,2019-01-24 00:17:16,52.5,7.59
0,running,373.20000000000005,81,3296.54,373.20000000000005,1.95,0.5,131,492841319,-1146046612,1.95,333.0,50.84,45.75,705.0,14,2019-01-24 00:17:20,54.5,7.5
0,running,373.4,83,3300.33,373.4,1.95,0.5,133,492840917,-1146046696,1.95,330.0,50.84,45.5,698.0,14,2019-01-24 00:17:22,54.5,7.59
0,running,373.79999999999995,83,3308.63,373.79999999999995,1.894,0.5,136,492840039,-1146046912,1.894,324.0,50.93,45.0,663.0,14,2019-01-24 00:17:27,58.5,8.46
0,running,374.20000000000005,84,3325.54,374.20000000000005,2.006,0.0,139,492838325,-1146047712,2.006,316.0,50.84,44.5,751.0,14,2019-01-24 00:17:35,57.5,7.81
0,running,374.6,84,3327.42,374.6,2.015,0.0,139,492838134,-1146047800,2.015,319.0,50.84,44.75,754.0,14,2019-01-24 00:17:36,56.5,7.59
0,running,375.20000000000005,83,3345.27,375.20000000000005,1.987,0.5,142,492836266,-1146048325,1.987,315.0,50.84,44.0,701.0,14,2019-01-24 00:17:45,63.2,8.78
0,running,375.4,84,3355.73,375.4,2.015,0.5,145,492835177,-1146048682,2.015,314.0,50.93,44.0,737.0,14,2019-01-24 00:17:50,62.5,8.28
0,running,375.6,84,3359.78,375.6,2.015,0.5,146,492834761,-1146048850,2.015,314.0,50.84,44.0,740.0,14,2019-01-24 00:17:52,59.5,8.09
0,running,376.0,84,3374.66,376.0,2.034,0.0,149,492833202,-1146049309,2.034,311.0,50.84,43.5,744.0,14,2019-01-24 00:17:59,63.2,8.46
0,running,376.0,83,3396.22,376.0,2.081,0.5,150,492830909,-1146049749,2.081,312.0,50.93,43.75,783.0,14,2019-01-24 00:18:09,65.2,8.18
0,running,375.20000000000005,73,3411.79,375.20000000000005,1.997,0.0,147,492829271,-1146050182,1.997,336.0,50.93,50.0,821.0,14,2019-01-24 00:18:17,27.2,4.96
0,running,375.0,59,3414.57,375.0,1.484,0.0,144,492828980,-1146050270,1.484,470.0,51.93,46.0,806.0,14,2019-01-24 00:18:19,46.7,5.34
0,running,374.79999999999995,56,3419.15,374.79999999999995,1.521,0.0,140,492828496,-1146050400,1.521,467.0,52.43,50.0,820.0,14,2019-01-24 00:18:22,58.5,5.65
0,running,374.4,83,3427.3,374.4,2.099,0.0,142,492827645,-1146050667,2.099,332.0,52.09,45.75,582.0,14,2019-01-24 00:18:26,55.5,8.87
0,running,373.6,78,3435.1,373.6,1.903,0.5,139,492826846,-1146051016,1.903,350.0,51.96,46.5,603.0,14,2019-01-24 00:18:30,50.7,8.37
0,running,373.4,79,3440.5,373.4,1.885,0.0,137,492826280,-1146051190,1.885,354.0,51.87,46.25,718.0,14,2019-01-24 00:18:33,50.7,7.81
0,running,372.6,77,3448.88,372.6,1.801,0.0,134,492825408,-1146051482,1.801,366.0,51.96,50.0,640.0,13,2019-01-24 00:18:38,51.7,7.5
0,running,372.20000000000005,77,3451.9,372.20000000000005,1.717,0.5,133,492825089,-1146051568,1.717,364.0,51.96,46.75,652.0,13,2019-01-24 00:18:40,52.5,7.9
0,running,371.6,79,3459.56,371.6,1.745,0.5,130,492824277,-1146051765,1.745,356.0,51.78,50.0,649.0,13,2019-01-24 00:18:44,51.7,7.81
0,running,371.20000000000005,77,3461.14,371.20000000000005,1.745,0.5,130,492824108,-1146051809,1.745,358.0,51.78,45.75,658.0,13,2019-01-24 00:18:45,35.0,7.31
0,running,371.0,56,3465.48,371.0,1.512,0.5,127,492823646,-1146051890,1.512,394.0,52.25,45.75,1028.0,13,2019-01-24 00:18:48,41.7,5.75
0,running,369.0,77,3499.52,369.0,1.512,0.0,112,492820091,-1146053058,1.512,312.0,47.68,48.0,560.0,13,2019-01-24 00:19:09,48.7,5.46
0,running,368.79999999999995,86,3503.59,368.79999999999995,1.801,0.0,115,492819662,-1146053167,1.801,312.0,48.18,45.5,642.0,13,2019-01-24 00:19:11,49.7,7.12
0,running,368.0,88,3514.53,368.0,1.913,0.5,112,492818528,-1146053559,1.913,300.0,49.71,43.0,664.0,13,2019-01-24 00:19:17,31.2,6.81
0,running,367.4,0,3519.02,367.4,1.4,0.0,113,492818052,-1146053665,1.4,0.0,0.0,0.0,0.0,13,2019-01-24 00:19:22,0.0,0.0
0,running,367.20000000000005,0,3519.04,367.20000000000005,1.381,0.0,112,492818052,-1146053661,1.381,0.0,0.0,0.0,0.0,13,2019-01-24 00:19:24,0.0,0.0
0,running,367.0,71,3533.74,367.0,0.97,0.0,106,492816538,-1146053964,0.97,459.0,48.87,50.0,477.0,13,2019-01-24 00:19:39,42.7,7.21
0,running,367.0,71,3534.94,367.0,0.914,0.0,106,492816487,-1146054123,0.914,447.0,48.34,50.0,527.0,13,2019-01-24 00:19:40,41.7,7.4
0,running,366.79999999999995,71,3536.45,366.79999999999995,0.914,0.0,106,492816439,-1146054331,0.914,443.0,48.87,50.0,793.0,13,2019-01-24 00:19:41,42.7,7.21
0,running,366.20000000000005,56,3541.55,366.20000000000005,1.306,0.0,106,492816243,-1146055018,1.306,502.0,49.37,48.75,717.0,13,2019-01-24 00:19:45,53.5,7.12
0,running,366.0,54,3555.96,366.0,1.381,0.5,104,492816160,-1146057035,1.381,527.0,50.31,47.0,767.0,13,2019-01-24 00:19:55,51.7,6.43
0,running,366.0,54,3564.65,366.0,1.288,0.5,107,492816115,-1146058271,1.288,513.0,50.31,46.5,701.0,13,2019-01-24 00:20:02,53.5,7.4
0,running,366.0,53,3567.15,366.0,1.288,0.0,108,492816020,-1146058619,1.288,524.0,50.53,47.25,738.0,13,2019-01-24 00:20:04,54.5,7.59
0,running,366.0,51,3567.89,366.0,1.288,0.0,108,492815958,-1146058724,1.288,523.0,50.62,46.25,682.0,13,2019-01-24 00:20:05,63.2,7.81
0,running,365.79999999999995,57,3571.72,365.79999999999995,1.26,0.5,108,492815554,-1146058813,1.26,506.0,50.62,46.75,667.0,13,2019-01-24 00:20:08,51.7,7.59
0,running,365.20000000000005,59,3588.04,365.20000000000005,1.568,0.0,107,492813833,-1146059253,1.568,503.0,50.43,48.75,821.0,13,2019-01-24 00:20:18,51.7,6.25
0,running,365.0,58,3592.14,365.0,1.53,0.5,109,492813408,-1146059414,1.53,502.0,50.43,48.25,810.0,13,2019-01-24 00:20:21,51.7,6.34
0,running,363.4,55,3618.13,363.4,1.418,0.5,103,492810667,-1146060078,1.418,530.0,49.65,49.25,792.0,13,2019-01-24 00:20:40,61.5,7.68
0,running,363.6,55,3630.21,363.6,1.39,0.0,103,492809374,-1146060192,1.39,537.0,49.43,49.25,750.0,13,2019-01-24 00:20:49,59.5,7.59
0,running,363.6,55,3631.33,363.6,1.353,0.0,100,492809279,-1146060296,1.353,539.0,49.34,49.25,755.0,13,2019-01-24 00:20:50,57.5,7.5
0,running,363.79999999999995,82,3640.24,363.79999999999995,1.39,0.5,112,492809310,-1146061560,1.39,296.0,49.43,47.25,511.0,13,2019-01-24 00:20:56,57.5,8.96
0,running,363.79999999999995,89,3644.88,363.79999999999995,1.819,0.5,115,492809331,-1146062221,1.819,290.0,49.65,43.75,649.0,13,2019-01-24 00:20:58,55.5,8.59
0,running,363.79999999999995,90,3654.5,363.79999999999995,2.333,0.0,119,492809425,-1146063584,2.333,280.0,50.09,41.75,777.0,13,2019-01-24 00:21:02,59.5,7.9
0,running,363.79999999999995,90,3665.19,363.79999999999995,2.454,0.0,122,492809478,-1146065104,2.454,276.0,50.5,41.5,875.0,13,2019-01-24 00:21:06,58.5,7.21
0,running,363.4,87,3674.87,363.4,2.454,0.5,125,492809437,-1146066482,2.454,287.0,50.68,41.75,878.0,13,2019-01-24 00:21:10,61.5,7.03
0,running,363.0,87,3685.02,363.0,2.314,0.0,128,492809419,-1146067928,2.314,291.0,50.9,42.25,742.0,13,2019-01-24 00:21:15,70.2,8.18
0,running,363.79999999999995,87,3693.69,363.79999999999995,2.267,0.5,131,492809426,-1146069162,2.267,291.0,51.0,42.5,711.0,13,2019-01-24 00:21:19,61.5,8.28
0,running,363.4,87,3697.89,363.4,2.249,0.0,134,492809358,-1146069751,2.249,292.0,51.0,42.5,745.0,13,2019-01-24 00:21:21,60.5,8.09
0,running,363.20000000000005,87,3701.77,363.20000000000005,2.23,0.0,137,492809324,-1146070305,2.23,295.0,51.09,43.0,745.0,13,2019-01-24 00:21:23,59.5,7.9
0,running,363.6,87,3708.48,363.6,2.211,0.0,140,492809377,-1146071259,2.211,296.0,51.21,42.75,737.0,13,2019-01-24 00:21:26,60.5,8.09
0,running,363.20000000000005,90,3717.36,363.20000000000005,2.202,0.5,141,492809218,-1146072491,2.202,291.0,51.21,42.5,694.0,13,2019-01-24 00:21:30,63.2,8.37
0,running,364.0,87,3737.79,364.0,2.071,0.0,144,492809220,-1146075403,2.071,301.0,51.4,43.75,702.0,13,2019-01-24 00:21:40,56.5,7.81
0,running,364.6,87,3743.85,364.6,2.071,0.5,147,492809144,-1146076260,2.071,296.0,51.31,43.25,711.0,13,2019-01-24 00:21:43,56.5,7.68
0,running,364.79999999999995,87,3745.97,364.79999999999995,2.062,0.5,147,492809133,-1146076561,2.062,300.0,51.31,43.75,711.0,13,2019-01-24 00:21:44,55.5,7.59
0,running,365.0,84,3767.39,365.0,2.071,0.5,150,492809250,-1146079603,2.071,312.0,51.43,44.0,747.0,13,2019-01-24 00:21:54,55.5,7.31
0,running,365.79999999999995,85,3780.65,365.79999999999995,1.978,0.0,153,492809223,-1146081489,1.978,312.0,51.0,44.0,672.0,13,2019-01-24 00:22:01,57.5,8.18
0,running,366.0,84,3782.56,366.0,1.969,0.5,153,492809196,-1146081758,1.969,314.0,50.9,44.25,677.0,13,2019-01-24 00:22:02,57.5,8.28
0,running,366.79999999999995,89,3802.63,366.79999999999995,2.015,0.0,155,492809138,-1146084617,2.015,318.0,50.9,45.0,733.0,13,2019-01-24 00:22:11,56.5,7.59
0,running,367.0,85,3804.71,367.0,2.015,0.0,155,492809188,-1146084912,2.015,316.0,50.9,44.75,745.0,13,2019-01-24 00:22:12,57.5,7.81
0,running,367.20000000000005,83,3812.27,367.20000000000005,1.978,0.5,154,492809332,-1146085973,1.978,319.0,50.71,44.5,710.0,13,2019-01-24 00:22:16,61.5,8.18
0,running,368.0,85,3832.97,368.0,2.034,0.0,155,492809344,-1146088909,2.034,310.0,50.71,44.0,722.0,13,2019-01-24 00:22:26,59.5,8.09
0,running,368.0,81,3836.63,368.0,2.006,0.5,156,492809353,-1146089427,2.006,322.0,50.71,44.75,726.0,13,2019-01-24 00:22:28,58.5,8.09
0,running,369.0,86,3857.43,369.0,2.043,0.5,155,492809073,-1146092332,2.043,309.0,50.59,44.25,735.0,13,2019-01-24 00:22:38,57.5,7.68
0,running,369.0,85,3860.99,369.0,2.006,0.0,155,492809093,-1146092841,2.006,312.0,50.68,44.5,723.0,13,2019-01-24 00:22:40,56.5,7.59
0,running,370.20000000000005,85,3879.16,370.20000000000005,1.997,0.0,155,492809018,-1146095426,1.997,320.0,50.87,45.25,709.0,13,2019-01-24 00:22:49,55.5,7.81
0,running,371.20000000000005,84,3901.31,371.20000000000005,1.997,0.5,154,492809366,-1146098537,1.997,314.0,50.87,44.25,718.0,13,2019-01-24 00:23:00,57.5,8.0
0,running,371.4,84,3909.16,371.4,2.025,0.5,155,492809350,-1146099660,2.025,310.0,51.0,43.75,746.0,13,2019-01-24 00:23:04,62.5,8.09
0,running,371.79999999999995,83,3927.6,371.79999999999995,2.043,0.5,152,492809411,-1146102267,2.043,311.0,51.0,43.5,744.0,13,2019-01-24 00:23:13,65.2,8.37
0,running,372.0,82,3947.54,372.0,2.034,0.0,149,492809366,-1146105109,2.034,315.0,50.87,43.25,750.0,13,2019-01-24 00:23:23,67.2,8.68
0,running,372.20000000000005,83,3959.32,372.20000000000005,2.034,0.5,148,492809413,-1146106790,2.034,312.0,50.87,43.75,742.0,13,2019-01-24 00:23:29,62.5,8.18
0,running,373.20000000000005,86,3980.06,373.20000000000005,2.043,0.0,146,492809424,-1146109744,2.043,303.0,51.09,43.25,734.0,13,2019-01-24 00:23:39,58.5,7.9
0,running,372.6,87,4000.85,372.6,2.053,0.0,145,492809337,-1146112702,2.053,296.0,51.31,42.75,715.0,13,2019-01-24 00:23:49,61.5,8.37
0,running,372.4,85,4022.39,372.4,2.09,0.5,146,492809565,-1146115753,2.09,304.0,51.09,43.25,771.0,13,2019-01-24 00:23:59,62.5,7.9
0,running,372.6,84,4043.36,372.6,2.099,0.5,146,492809660,-1146118737,2.099,305.0,51.0,43.25,741.0,13,2019-01-24 00:24:09,63.2,8.28
0,running,372.4,85,4058.71,372.4,2.053,0.5,143,492809774,-1146120911,2.053,304.0,51.0,43.25,650.0,13,2019-01-24 00:24:17,61.5,8.59
0,running,371.4,79,4070.08,371.4,1.959,0.0,140,492809825,-1146122515,1.959,292.0,50.81,42.25,703.0,13,2019-01-24 00:24:23,92.7,10.15
0,running,371.79999999999995,87,4083.29,371.79999999999995,1.997,0.5,143,492811189,-1146122829,1.997,294.0,50.62,42.75,736.0,13,2019-01-24 00:24:30,61.5,9.37
0,running,372.0,87,4094.55,372.0,2.109,0.0,143,492812375,-1146122729,2.109,297.0,50.71,42.75,776.0,13,2019-01-24 00:24:35,60.5,8.18
0,running,372.0,87,4098.02,372.0,2.015,0.0,143,492812515,-1146122282,2.015,300.0,50.43,43.5,672.0,13,2019-01-24 00:24:37,61.5,8.37
0,running,373.0,84,4108.67,373.0,1.418,0.0,144,492812387,-1146120780,1.418,314.0,50.21,43.25,535.0,13,2019-01-24 00:24:44,69.2,12.87
0,running,373.4,84,4111.9,373.4,1.484,0.5,146,492812099,-1146120525,1.484,319.0,50.43,44.5,519.0,13,2019-01-24 00:24:46,71.2,13.56
0,running,377.20000000000005,75,4137.24,377.20000000000005,1.036,0.5,150,492809397,-1146120655,1.036,367.0,49.65,49.5,504.0,13,2019-01-24 00:25:06,58.5,10.53
0,running,378.0,85,4146.86,378.0,1.941,0.5,152,492808365,-1146120596,1.941,311.0,49.65,43.5,661.0,13,2019-01-24 00:25:11,63.2,10.71
0,running,380.4,84,4155.19,380.4,1.987,0.5,154,492807470,-1146120583,1.987,305.0,49.84,42.75,709.0,13,2019-01-24 00:25:15,61.5,9.06
0,running,379.20000000000005,85,4159.31,379.20000000000005,2.081,0.5,153,492807028,-1146120563,2.081,307.0,50.03,50.0,727.0,13,2019-01-24 00:25:17,60.5,8.28
0,running,378.79999999999995,70,4167.17,378.79999999999995,1.232,0.0,150,492806179,-1146120545,1.232,367.0,49.06,50.0,597.0,13,2019-01-24 00:25:23,23.2,5.65
0,running,377.6,65,4176.87,377.6,1.353,0.0,142,492805139,-1146120496,1.353,385.0,50.59,45.5,658.0,12,2019-01-24 00:25:30,23.2,4.37
0,running,377.0,71,4179.85,377.0,1.353,0.0,140,492804818,-1146120505,1.353,383.0,51.15,50.0,587.0,12,2019-01-24 00:25:32,25.2,4.46
0,running,376.79999999999995,72,4181.35,376.79999999999995,1.465,0.5,137,492804657,-1146120537,1.465,381.0,51.4,50.0,564.0,12,2019-01-24 00:25:33,27.2,4.78
0,running,376.0,82,4184.58,376.0,1.213,0.5,135,492804338,-1146120732,1.213,363.0,51.5,46.25,553.0,12,2019-01-24 00:25:36,32.0,5.25
0,running,376.0,91,4184.8,376.0,0.98,0.5,133,492804312,-1146120812,0.98,355.0,51.5,46.25,544.0,12,2019-01-24 00:25:37,31.2,5.25
0,running,375.20000000000005,91,4187.73,375.20000000000005,0.784,0.5,129,492804595,-1146121004,0.784,334.0,51.09,46.25,515.0,12,2019-01-24 00:25:41,31.2,5.56
0,running,374.79999999999995,85,4189.33,374.79999999999995,0.896,0.0,127,492804765,-1146121055,0.896,341.0,63.53,46.0,284.0,12,2019-01-24 00:25:43,15.5,5.84
0,running,374.4,77,4191.29,374.4,1.054,0.5,126,492804976,-1146121020,1.054,366.0,69.96,45.0,354.0,12,2019-01-24 00:25:45,13.5,4.78
0,running,373.6,69,4198.66,373.6,1.092,0.0,120,492805767,-1146121029,1.092,416.0,60.65,50.0,579.0,12,2019-01-24 00:25:51,35.0,5.46
0,running,373.0,81,4202.75,373.0,1.278,0.5,120,492806187,-1146121222,1.278,373.0,57.56,47.25,467.0,13,2019-01-24 00:25:54,61.5,11.12
0,running,372.6,85,4208.01,372.6,1.586,0.0,123,492806198,-1146121951,1.586,301.0,55.9,42.0,520.0,13,2019-01-24 00:25:57,69.2,12.5
0,running,371.6,87,4218.24,371.6,2.491,0.5,125,492805314,-1146122798,2.491,285.0,54.37,41.0,886.0,13,2019-01-24 00:26:01,67.2,9.25
0,running,371.4,87,4228.04,371.4,2.323,0.5,128,492804284,-1146123076,2.323,285.0,53.43,41.5,865.0,13,2019-01-24 00:26:05,65.2,8.0
0,running,371.4,85,4239.51,371.4,2.221,0.0,131,492803065,-1146122841,2.221,296.0,52.75,42.0,817.0,13,2019-01-24 00:26:10,79.0,8.46
0,running,371.0,84,4260.11,371.0,2.211,0.5,131,492801274,-1146121162,2.211,296.0,51.87,42.0,787.0,13,2019-01-24 00:26:19,66.2,8.18
0,running,370.4,88,4271.12,370.4,2.183,0.5,134,492800375,-1146120146,2.183,285.0,51.46,41.5,738.0,13,2019-01-24 00:26:24,65.2,8.59
0,running,370.20000000000005,88,4279.97,370.20000000000005,2.174,0.0,131,492799594,-1146119444,2.174,282.0,51.37,41.25,762.0,13,2019-01-24 00:26:28,68.2,8.68
0,running,369.4,86,4297.19,369.4,2.314,0.5,133,492797912,-1146118437,2.314,285.0,51.28,41.25,836.0,13,2019-01-24 00:26:35,68.2,8.18
0,running,369.0,87,4307.05,369.0,2.351,0.0,136,492796888,-1146118082,2.351,285.0,51.28,41.25,828.0,13,2019-01-24 00:26:39,67.2,8.09
0,running,368.4,87,4328.64,368.4,2.417,0.0,137,492794616,-1146117476,2.417,278.0,51.09,40.25,840.0,13,2019-01-24 00:26:48,72.2,8.18
0,running,368.20000000000005,87,4341.6,368.20000000000005,2.361,0.5,139,492793230,-1146117302,2.361,276.0,50.78,40.0,773.0,13,2019-01-24 00:26:54,70.2,8.78
0,running,367.20000000000005,87,4348.82,367.20000000000005,2.361,0.5,138,492792456,-1146117340,2.361,277.0,50.78,40.25,770.0,13,2019-01-24 00:26:57,70.2,8.87
0,running,366.4,83,4366.09,366.4,2.295,0.5,136,492790761,-1146116825,2.295,300.0,50.68,42.25,708.0,13,2019-01-24 00:27:05,68.2,8.78
0,running,366.20000000000005,85,4370.97,366.20000000000005,2.295,0.0,138,492790613,-1146116162,2.295,298.0,50.68,42.25,750.0,13,2019-01-24 00:27:07,66.2,8.68
0,running,366.79999999999995,87,4385.35,366.79999999999995,2.286,0.0,141,492790661,-1146114116,2.286,290.0,50.68,41.75,780.0,13,2019-01-24 00:27:13,66.2,8.37
0,running,367.20000000000005,87,4387.63,367.20000000000005,2.277,0.5,142,492790641,-1146113793,2.277,289.0,50.68,42.0,776.0,13,2019-01-24 00:27:14,68.2,8.59
